{
  "bandung":{
    "Surabi":
    [{
      "title": "Surabi Abah",
      "road": "Jalan Moh. Toha",
      "stars": 2,
      "img": "/img/shops/Bandung/Surabi/Surabi_1.png"
    },
    {
      "title": "Surabi Umi",
      "road": "Jalan Moh. Oha",
      "stars": 3,
      "img": "/img/shops/Bandung/Surabi/Surabi_2.png"
    },
    {
      "title": "Surabi Berkah",
      "road": "Jalan Moh. Aha",
      "stars": 4,
      "img": "/img/shops/Bandung/Surabi/Surabi_3.png"
    }],
    "Batagor":[
      {
        "title": "Batagor Enaakk",
        "road": "Jalan Moh. Toha",
        "stars": 2,
        "img": "/img/shops/Bandung/Batagor/Batagor_1.png"
      },
      {
        "title": "Batagor Lebih Enak",
        "road": "Jalan Moh. Oha",
        "stars": 3,
        "img": "/img/shops/Bandung/Batagor/Batagor_2.png"
      },
      {
        "title": "Batagor Paling Enak",
        "road": "Jalan Moh. Aha",
        "stars": 4,
        "img": "/img/shops/Bandung/Batagor/Batagor_3.png"
      }
    ],
    "Siomay":[
      {
        "title": "Siomay Boss",
        "road": "Jalan Moh. Toha",
        "stars": 2,
        "img": "/img/shops/Bandung/Siomay/Siomay_1.png"
      },
      {
        "title": "Siomay Heaven",
        "road": "Jalan Moh. Oha",
        "stars": 3,
        "img": "/img/shops/Bandung/Siomay/Siomay_2.png"
      },
      {
        "title": "Siomay Station",
        "road": "Jalan Moh. Aha",
        "stars": 4,
        "img": "/img/shops/Bandung/Siomay/Siomay_3.png"
      }
    ]
  },
  "jogja":{
    "Bakpia": [
      {
        "title": "Bakpia Legit",
        "road": "Jalan Moh. Toha",
        "stars": 2,
        "img": "/img/shops/Jogja/Bakpia/Bakpia_1.png"
      },
      {
        "title": "Bakpia Lebih Legit",
        "road": "Jalan Moh. Oha",
        "stars": 3,
        "img": "/img/shops/Jogja/Bakpia/Bakpia_2.png"
      },
      {
        "title": "Bakpia Legit Banget",
        "road": "Jalan Moh. Aha",
        "stars": 4,
        "img": "/img/shops/Jogja/Bakpia/Bakpia_3.png"
      }
    ],
    "SateKlatak":[
      {
        "title": "Sate Klatak",
        "road": "Jalan Moh. Toha",
        "stars": 2,
        "img": "/img/shops/Jogja/SateKlatak/SateKlatak_1.png"
      },
      {
        "title": "Sate Klatak Klutuk",
        "road": "Jalan Moh. Oha",
        "stars": 3,
        "img": "/img/shops/Jogja/SateKlatak/SateKlatak_2.png"
      },
      {
        "title": "Sate Klatak Klotak",
        "road": "Jalan Moh. Aha",
        "stars": 4,
        "img": "/img/shops/Jogja/SateKlatak/SateKlatak_3.png"
      }
    ],
    "Gudeg":[
      {
        "title": "Gudeg",
        "road": "Jalan Moh. Toha",
        "stars": 2,
        "img": "/img/shops/Jogja/Gudeg/Gudeg_1.png"
      },
      {
        "title": "Gudegh",
        "road": "Jalan Moh. Oha",
        "stars": 3,
        "img": "/img/shops/Jogja/Gudeg/Gudeg_2.png"
      },
      {
        "title": "Gudeghhh",
        "road": "Jalan Moh. Aha",
        "stars": 4,
        "img": "/img/shops/Jogja/Gudeg/Gudeg_3.png"
      }
    ]
  },
  "jakarta":{
    "SotoBetawi": [
      {
        "title": "Soto Betawi",
        "road": "Jalan Moh. Toha",
        "stars": 2,
        "img": "/img/shops/Jakarta/SotoBetawi/SotoBetawi_1.png"
      },
      {
        "title": "Soto Betawi B",
        "road": "Jalan Moh. Oha",
        "stars": 3,
        "img": "/img/shops/Jakarta/SotoBetawi/SotoBetawi_2.png"
      },
      {
        "title": "Soto Betawi C",
        "road": "Jalan Moh. Aha",
        "stars": 4,
        "img": "/img/shops/Jakarta/SotoBetawi/SotoBetawi_3.png"
      }
    ],
    "Ketoprak":[
      {
        "title": "Ketoprak Rasa",
        "road": "Jalan Moh. Toha",
        "stars": 2,
        "img": "/img/shops/Jakarta/Ketoprak/Ketoprak_1.png"
      },
      {
        "title": "Ketoprak Jaya",
        "road": "Jalan Moh. Oha",
        "stars": 3,
        "img": "/img/shops/Jakarta/Ketoprak/Ketoprak_2.png"
      },
      {
        "title": "Ketoprak Makmur",
        "road": "Jalan Moh. Aha",
        "stars": 4,
        "img": "/img/shops/Jakarta/Ketoprak/Ketoprak_3.png"
      }
    ],
    "KerakTelor":[
      {
        "title": "Kerak Telor",
        "road": "Jalan Moh. Toha",
        "stars": 2,
        "img": "/img/shops/Jakarta/KerakTelor/KerakTelor_1.png"
      },
      {
        "title": "Kerak Telorhhh",
        "road": "Jalan Moh. Oha",
        "stars": 3,
        "img": "/img/shops/Jakarta/KerakTelor/KerakTelor_2.png"
      },
      {
        "title": "Kerak Telorhhhhkkk",
        "road": "Jalan Moh. Aha",
        "stars": 4,
        "img": "/img/shops/Jakarta/KerakTelor/KerakTelor_3.png"
      }
    ]
  }
}